1,Airtel,2709,-81,19.1234567,72.1234567
1,Airtel,2710,-80,19.2234567,72.2234567
1,Airtel,2711,-79,19.3234567,72.3234567
1,Airtel,2712,-78,19.4234567,72.4234567
1,Airtel,2713,-77,19.5234567,72.5234567
1,Airtel,2714,-76,19.6234567,72.6234567
1,Airtel,2715,-75,19.7234567,72.7234567
1,Airtel,2716,-74,19.8234567,72.8234567
1,Airtel,2717,-75,19.9234567,72.9234567
1,Airtel,2718,-76,20.0234567,73.0234567
1,Airtel,2719,-77,20.1234567,73.1234567
1,Airtel,2720,-78,20.2234567,73.2234567
1,Airtel,2721,-79,20.3234567,73.3234567
1,Airtel,2722,-80,20.4234567,73.4234567
1,Airtel,2723,-81,20.5234567,73.5234567
1,Airtel,2724,-82,20.6234567,73.6234567
1,Airtel,2725,-83,20.7234567,73.7234567
1,Airtel,2726,-84,20.8234567,73.8234567
1,Airtel,2727,-85,20.9234567,73.9234567
1,Airtel,2728,-86,21.0234567,74.0234567
